Pages les plus populaires,Clics,Impressions,CTR,Position
https://www.iptvsmarterpros.com/,65,197,32.99%,33.39
https://iptvsmarterpros.com/,40,510,7.84%,61.71
https://www.iptvsmarterpros.com/offer.html,5,92,5.43%,1.97
https://iptvsmarterpros.com/concours-flyer.html,4,56,7.14%,3.36
"https://iptvsmarterpros.com/payment.html?plan=4ecrans&name=IPTV - 4 
%C3%89crans Ultra HD&price=99.99",2,8,25%,4.88
https://iptvsmarterpros.com/offer-details.html,1,102,0.98%,2.21
https://www.iptvsmarterpros.com/tutoriel.html,1,102,0.98%,2.75
https://www.iptvsmarterpros.com/about.html,1,93,1.08%,3.62
https://iptvsmarterpros.com/contact.html,1,65,1.54%,3.18
https://iptvsmarterpros.com/about.html,1,49,2.04%,2.12
https://iptvsmarterpros.com/tutoriel.html,1,47,2.13%,3.6
https://www.iptvsmarterpros.com/conditions.html,1,33,3.03%,8.3
https://iptvsmarterpros.com/faq.html,1,32,3.12%,3.53
https://iptvsmarterpros.com/blog,1,13,7.69%,6.85
https://iptvsmarterpros.com/flyer,1,12,8.33%,6.33
https://www.iptvsmarterpros.com/blog/eliminer-buffering-iptv.html,1,11,9.09%,2.91
"https://iptvsmarterpros.com/payment.html?plan=3mois&name=IPTV classique - 3 
Mois&price=9.99",1,6,16.67%,7
https://iptvsmarterpros.com/offer.html,1,3,33.33%,2.33
https://iptvsmarterpros.com/offer?product=Premium IPTV 3 mois&price=9.99,1,3,33.33%,4.33
https://www.iptvsmarterpros.com/faq.html,0,75,0%,4.08
https://www.iptvsmarterpros.com/payment.html,0,37,0%,4.57
https://www.iptvsmarterpros.com/contact.html,0,33,0%,6.7
https://iptvsmarterpros.com/inscription,0,23,0%,6.22
https://iptvsmarterpros.com/concours.html,0,18,0%,4.61
https://iptvsmarterpros.com/offer,0,13,0%,1.62
https://iptvsmarterpros.com/espace-client,0,13,0%,5.15
https://iptvsmarterpros.com/contact?subject=Pack Personnalis%C3%A9,0,12,0%,5.08
https://iptvsmarterpros.com/conditions-generales,0,11,0%,3.45
https://iptvsmarterpros.com/concours,0,8,0%,7.12
"https://iptvsmarterpros.com/offer-details?product=Premium IPTV 3 
mois&price=9.99",0,5,0%,4.8
https://iptvsmarterpros.com/payment,0,3,0%,3
https://iptvsmarterpros.com/blog.html,0,3,0%,4.33
https://iptvsmarterpros.com/politique-confidentialite,0,3,0%,5.67
https://iptvsmarterpros.com/blog/tendances-streaming-2025.html,0,2,0%,10
https://www.iptvsmarterpros.com/offer-details.html,0,1,0%,1
https://iptvsmarterpros.com/conditions.html,0,1,0%,9
https://iptvsmarterpros.com/privacy,0,1,0%,9
https://www.iptvsmarterpros.com/robots.txt,0,1,0%,9