Requêtes les plus fréquentes,Clics,Impressions,CTR,Position
iptv smarters pro,0,119,0%,87.15
iptv smarters pro premium,0,81,0%,66.07
#iptvsmarterpro,0,52,0%,50.37
iptv sans buffering,0,47,0%,39.7
iptv smarter pro,0,42,0%,94.45
iptvsmarters com,0,26,0%,88.81
smarterpro,0,13,0%,60.54
iptv smaters pro,0,13,0%,91
iptvsmarter pro,0,10,0%,68.2
iptv pro,0,9,0%,88.44
iptv smarters pro premium apk,0,9,0%,91.11
iptv avec service client 24/7,0,9,0%,95.22
abonnement iptv smarters pro,0,6,0%,74.33
i. p. t. v. smarter pro,0,6,0%,97.33
abonnement iptv smarters pro 12 mois,0,5,0%,42
abonnement iptv smarter pro,0,4,0%,60.75
smarters hd,0,4,0%,76
smarters pro premium,0,4,0%,78
abonnement iptv pro,0,3,0%,63.67
iptvsmarters pro,0,3,0%,79.67
iptv hero,0,2,0%,35.5
iptv smarter pro abonnement,0,2,0%,70
iptv smarters pro com,0,2,0%,79
iptv smarters pro apk premium,0,2,0%,84
iptv smarters 4k,0,1,0%,43
iptv smarters pro 4k,0,1,0%,44
iptv smarter pro premium,0,1,0%,47
iptv smarters player premium,0,1,0%,54
smarters iptv premium,0,1,0%,58
smarters premium,0,1,0%,60
smarter pro tv,0,1,0%,64
iptv premium,0,1,0%,65
abonnement iptv smart pro,0,1,0%,66
iptvsmarterspro,0,1,0%,70
premium iptv,0,1,0%,77
smarters iptv pro,0,1,0%,78
vod iptv premium,0,1,0%,85
iptvsmarterpro,0,1,0%,90
configuration iptv smarters pro,0,1,0%,91
smarters pro iptv,0,1,0%,91
iptv smartes pro,0,1,0%,93
iptv smarters premium,0,1,0%,94
smarter pro iptv,0,1,0%,96
smarters pro,0,1,0%,96
iptv premium pro,0,1,0%,97
iptvpro.com,0,1,0%,99
abonnement iptv premium,0,1,0%,100
iptv smarters pro gratuit,0,1,0%,101
iptv-smarters-pro,0,1,0%,113
ipts smarters pro,0,1,0%,119